target_date,selected_historical_year,selected_historical_date,selected_station_id,T_proj,R_proj,W_proj,T_hist,R_hist,W_hist,dT_norm,dR_norm,dW_norm,delta_D,rank
2025-07-01,2015,2015-07-01,06180,20.445533752441406,336.9697265625,3.846384286880493,18.240277777777777,364.40972222222223,2.8631944444444444,0.084528,0.077768,0.08559,0.082819,1
2025-07-02,2022,2022-07-02,06180,20.68417739868164,336.5480041503906,1.760412335395813,18.77777777777778,302.0833333333333,5.414583333333334,0.073073,0.097677,0.318107,0.153964,1
2025-07-03,2015,2015-07-03,06180,20.47391700744629,321.25396728515625,3.956691265106201,20.902097902097903,337.125,4.183216783216784,0.016412,0.044981,0.01972,0.025975,1
2025-07-04,2018,2018-07-04,06180,20.79551887512207,321.2912902832031,5.244581699371338,20.20763888888889,356.1388888888889,3.59375,0.022534,0.098763,0.14371,0.081755,1
2025-07-05,2015,2015-07-05,06180,21.839908599853516,302.2511901855469,5.507791042327881,23.313194444444445,299.15277777777777,3.0867132867132865,0.056471,0.008781,0.210762,0.088452,1
2025-07-06,2018,2018-07-06,06180,21.772953033447266,261.1101989746094,5.561878681182861,18.290277777777778,243.90277777777777,4.955555555555556,0.133491,0.048768,0.052782,0.083862,1
2025-07-07,2021,2021-07-07,06180,18.695035934448242,208.9818115234375,4.45210075378418,18.654861111111114,199.57638888888889,4.263888888888889,0.00154,0.026656,0.016384,0.013528,1
2025-07-08,2024,2024-07-08,06180,17.267818450927734,298.8522033691406,4.458715915679932,16.925694444444446,237.24305555555554,3.974305555555555,0.013114,0.174608,0.042169,0.070279,1
2025-07-09,2017,2017-07-09,06180,16.129802703857422,287.5143737792969,2.0042028427124023,15.497916666666665,317.1666666666667,3.459722222222222,0.02422,0.084038,0.126708,0.072912,1
2025-07-10,2017,2017-07-10,06180,14.857930183410645,222.00083923339844,3.0565783977508545,15.609027777777776,207.24305555555554,2.1555555555555554,0.02879,0.041825,0.078437,0.047595,1
2025-07-11,2015,2015-07-11,06180,15.728437423706055,243.57882690429688,2.2713725566864014,15.223076923076924,279.09722222222223,2.266901408450704,0.019371,0.100664,0.000389,0.038064,1
2025-07-12,2016,2016-07-12,06180,16.96161651611328,250.4739990234375,5.722135066986084,17.915972222222223,200.95138888888889,6.456250000000001,0.036581,0.140353,0.063907,0.07591,1
2025-07-13,2017,2017-07-13,06180,18.149700164794922,321.4474792480469,6.371102809906006,15.751388888888888,313.34722222222223,5.7555555555555555,0.091928,0.022957,0.053585,0.059734,1
2025-07-14,2023,2023-07-14,06180,18.609882354736328,251.24786376953125,5.092955112457275,18.188194444444445,265.7708333333333,4.051388888888889,0.016163,0.04116,0.090672,0.046015,1
2025-07-15,2024,2024-07-15,06180,19.4490909576416,218.47032165527344,4.312891960144043,18.639583333333334,233.02777777777777,5.170138888888889,0.031029,0.041258,0.074626,0.047177,1
2025-07-16,2019,2019-07-16,06180,17.617122650146484,213.47657775878906,3.5309228897094727,16.999305555555555,239.78472222222223,3.8798611111111114,0.023681,0.074561,0.030376,0.040953,1
2025-07-17,2018,2018-07-17,06180,20.025625228881836,161.9759979248047,3.0900847911834717,21.515277777777776,118.67361111111111,2.9541666666666666,0.057099,0.122725,0.011832,0.063206,1
2025-07-18,2019,2019-07-18,06180,22.751543045043945,316.8696594238281,3.4054088592529297,18.57986111111111,339.47222222222223,3.0804195804195804,0.159901,0.064059,0.028291,0.091665,1
2025-07-19,2021,2021-07-19,06180,20.58657455444336,133.08078002929688,2.1818058490753174,18.520833333333332,181.11805555555554,3.5805555555555557,0.07918,0.136144,0.121766,0.109045,1
2025-07-20,2022,2022-07-20,06180,22.61907386779785,307.5207824707031,2.5591025352478027,22.777083333333334,289.875,3.9027777777777777,0.006057,0.05001,0.116971,0.052517,1
2025-07-21,2022,2022-07-21,06180,24.507911682128906,279.9913024902344,4.977346897125244,22.808333333333334,255.03472222222223,4.9,0.065145,0.07073,0.006733,0.049297,1
2025-07-22,2016,2016-07-22,06180,26.089141845703125,301.08807373046875,3.404991388320923,21.335416666666667,329.3263888888889,1.6685314685314685,0.182211,0.080031,0.151164,0.142243,1
2025-07-23,2018,2018-07-23,06180,24.14353370666504,267.2429504394531,2.3395028114318848,21.645833333333332,231.91666666666666,2.629861111111111,0.095737,0.100119,0.025277,0.075914,1
2025-07-24,2021,2021-07-24,06180,21.01266098022461,220.58901977539062,4.119115352630615,20.599305555555556,279.99305555555554,4.06013986013986,0.015844,0.168359,0.005134,0.058385,1
2025-07-25,2017,2017-07-25,06180,15.573525428771973,79.58744812011719,3.4164023399353027,16.98263888888889,75.55555555555556,5.078472222222222,0.054011,0.011427,0.144688,0.068439,1
2025-07-26,2016,2016-07-26,06180,16.580739974975586,285.5265808105469,2.5591025352478027,19.73611111111111,240.41666666666666,3.3631944444444444,0.120946,0.127847,0.069999,0.107732,1
2025-07-27,2024,2024-07-27,06180,15.658295631408691,277.6793518066406,3.1777231693267822,18.231944444444444,251.24305555555554,2.6166666666666667,0.098648,0.074924,0.048842,0.076589,1
2025-07-28,2022,2022-07-28,06180,16.306922912597656,288.57379150390625,2.4591023921966553,15.021527777777777,271.7173913043478,2.596527777777778,0.049269,0.047773,0.011963,0.037629,1
2025-07-29,2022,2022-07-29,06180,16.896514892578125,216.52810668945312,2.2437078952789307,17.15902777777778,284.6736111111111,3.30625,0.010062,0.193133,0.092498,0.089714,1
2025-07-30,2022,2022-07-30,06180,17.975482940673828,269.21466064453125,3.346384286880493,18.202777777777776,257.21527777777777,3.7395833333333335,0.008712,0.034008,0.034229,0.023956,1
2025-07-31,2020,2020-07-31,06180,19.17253875732422,206.96559143066406,2.7389070987701416,16.33888888888889,233.54166666666666,3.0422535211267605,0.108614,0.07532,0.026407,0.073964,1
2026-09-01,2015,2015-09-01,06180,16.53998565673828,37.06782150268555,5.123926639556885,18.000694444444445,88.72222222222223,5.1875,0.055989,0.146395,0.005534,0.067975,1
2026-09-02,2023,2023-09-02,06180,17.270647048950195,206.62240600585938,4.483058929443359,17.104166666666668,237.31944444444446,4.31875,0.006381,0.086999,0.014304,0.032943,1
2026-09-03,2023,2023-09-03,06180,18.894533157348633,113.08745574951172,4.708347320556641,16.513194444444444,121.11111111111111,4.361805555555556,0.091277,0.02274,0.030168,0.052383,1
2026-09-04,2022,2022-09-04,06180,18.7319278717041,180.09507751464844,7.659698486328125,17.084027777777777,199.09420289855072,5.842361111111111,0.063164,0.053846,0.158205,0.088881,1
2026-09-05,2019,2019-09-05,06180,20.45609474182129,116.60318756103516,9.49720287322998,14.520833333333334,149.13194444444446,6.839583333333334,0.227499,0.092191,0.231354,0.188063,1
2026-09-06,2022,2022-09-06,06180,17.504714965820312,161.83717346191406,5.415400981903076,16.61118881118881,138.10416666666666,5.86993006993007,0.034249,0.067262,0.039568,0.045749,1
2026-09-07,2019,2019-09-07,06180,16.61246681213379,209.8021697998047,4.280858993530273,15.658333333333335,212.86805555555554,4.689208633093525,0.036572,0.008689,0.035548,0.0279,1
2026-09-08,2016,2016-09-08,06180,18.882190704345703,205.98895263671875,6.676764488220215,19.143055555555556,210.27777777777777,3.037857142857143,0.009999,0.012155,0.316778,0.10268,1
2026-09-09,2018,2018-09-09,06180,19.518423080444336,181.8275909423828,4.320992469787598,17.115972222222222,171.04861111111111,4.44375,0.092086,0.030549,0.010686,0.049205,1
2026-09-10,2019,2019-09-10,06180,15.121767044067383,22.613054275512695,6.615898609161377,16.091666666666665,33.395833333333336,4.388888888888889,0.037176,0.03056,0.193868,0.082199,1
2026-09-11,2020,2020-09-11,06180,15.332815170288086,128.53045654296875,4.121583938598633,14.329166666666667,104.00694444444444,3.8090277777777777,0.03847,0.069503,0.027209,0.044402,1
2026-09-12,2022,2022-09-12,06180,14.797130584716797,175.61854553222656,2.4182050228118896,15.397916666666667,152.90972222222223,3.4583333333333335,0.023028,0.06436,0.090546,0.055683,1
2026-09-13,2023,2023-09-13,06180,16.830078125,120.15655517578125,3.7758049964904785,16.28611111111111,98.64583333333333,3.9652777777777777,0.02085,0.060964,0.016494,0.031578,1
2026-09-14,2021,2021-09-14,06180,17.30312728881836,54.802284240722656,4.217313289642334,15.795833333333333,66.71212121212122,2.2825174825174823,0.057775,0.033754,0.16843,0.083765,1
2026-09-15,2021,2021-09-15,06180,15.477020263671875,15.572019577026367,2.3657474517822266,16.120833333333334,75.20833333333333,5.436805555555555,0.024677,0.169017,0.267345,0.14078,1
2026-09-16,2017,2017-09-16,06180,13.486910820007324,165.85057067871094,2.826159715652466,12.911111111111111,145.40972222222223,3.9652777777777777,0.02207,0.057932,0.099164,0.055957,1
2026-09-17,2021,2021-09-17,06180,12.258071899414062,58.343502044677734,3.546384334564209,14.818055555555556,51.298611111111114,4.6194444444444445,0.098124,0.019966,0.093413,0.073264,1
2026-09-18,2024,2024-09-18,06180,12.21703815460205,44.504432678222656,1.6114012002944946,14.965972222222222,86.47222222222223,1.9659722222222225,0.105367,0.118942,0.030867,0.087089,1
2026-09-19,2016,2016-09-19,06180,14.850813865661621,42.8707389831543,2.4515199661254883,14.806944444444444,104.6875,3.152083333333333,0.001682,0.175197,0.060986,0.071527,1
2026-09-20,2017,2017-09-20,06180,12.498659133911133,135.76890563964844,1.5561118125915527,13.526388888888889,166.65277777777777,3.0072463768115942,0.039393,0.087529,0.126326,0.079914,1
2026-09-21,2019,2019-09-21,06180,13.406229972839355,169.6109161376953,1.7728958129882812,13.421527777777778,135.84722222222223,2.1868055555555554,0.000586,0.095691,0.036032,0.039751,1
2026-09-22,2020,2020-09-22,06180,15.865221977233887,36.29404830932617,2.5309228897094727,15.234722222222224,126.33333333333333,2.4770833333333333,0.024167,0.255183,0.004687,0.087628,1
2026-09-23,2015,2015-09-23,06180,14.915675163269043,51.652503967285156,3.676863431930542,14.350000000000001,101.77083333333333,3.745833333333333,0.021682,0.142042,0.006004,0.053087,1
2026-09-24,2016,2016-09-24,06180,12.347541809082031,126.00086975097656,3.1906325817108154,14.25486111111111,133.89583333333334,3.185416666666667,0.073108,0.022375,0.000454,0.036092,1
2026-09-25,2018,2018-09-25,06180,10.92109489440918,143.8083953857422,4.4390153884887695,10.477622377622378,168.44444444444446,4.697202797202798,0.016998,0.069822,0.022476,0.034489,1
2026-09-26,2015,2015-09-26,06180,12.257444381713867,125.20750427246094,3.694042921066284,12.044444444444444,133.59027777777777,4.080555555555556,0.008164,0.023758,0.033647,0.020487,1
2026-09-27,2015,2015-09-27,06180,12.600361824035645,146.41055297851562,4.543161392211914,12.056944444444445,159.02083333333334,3.1500000000000004,0.020829,0.035739,0.121279,0.055437,1
2026-09-28,2017,2017-09-28,06180,11.834874153137207,98.17367553710938,7.300623416900635,14.640277777777776,98.72222222222223,6.528472222222223,0.107531,0.001555,0.067218,0.063644,1
2026-09-29,2024,2024-09-29,06180,10.97150993347168,139.3189239501953,5.00048828125,10.176388888888889,158.45833333333334,4.067361111111111,0.030477,0.054244,0.081232,0.052833,1
2026-09-30,2015,2015-09-30,06180,9.062737464904785,145.5644989013672,2.4467663764953613,11.59236111111111,162.79166666666666,3.0694444444444446,0.096961,0.048824,0.054206,0.069693,1
2029-01-01,2016,2016-01-01,06180,4.05105447769165,5.756266117095947,3.3842620849609375,4.495833333333334,12.625,3.4208333333333334,0.017048,0.019467,0.003184,0.013615,1
2029-01-02,2021,2021-01-02,06180,3.825129985809326,9.548102378845215,3.0528175830841064,1.2069444444444446,16.291666666666668,2.2027777777777775,0.100355,0.019112,0.073999,0.068075,1
2029-01-03,2019,2019-01-03,06180,3.0836873054504395,28.18116569519043,3.2914841175079346,2.2562499999999996,30.958333333333332,4.045833333333333,0.031716,0.007871,0.065668,0.034748,1
2029-01-04,2018,2018-01-04,06180,1.9942666292190552,9.90018081665039,0.8981016278266907,2.8902777777777775,11.680555555555555,3.448951048951049,0.034344,0.005046,0.22206,0.081869,1
2029-01-05,2025,2025-01-05,06180,0.5388535857200623,11.039632797241211,5.090025424957275,0.9361111111111112,11.347222222222221,6.080555555555556,0.015227,0.000872,0.086229,0.032221,1
2029-01-06,2019,2019-01-06,06180,2.236382007598877,3.8109753131866455,1.9583373069763184,1.6263888888888889,29.73611111111111,2.287857142857143,0.023381,0.073475,0.028686,0.040001,1
2029-01-07,2019,2019-01-07,06180,2.695589065551758,6.135105133056641,1.96477210521698,4.606944444444444,7.944444444444445,4.221527777777777,0.073262,0.005128,0.196458,0.089781,1
2029-01-08,2017,2017-01-08,06180,1.0074288845062256,6.780974864959717,2.285215377807617,-0.4527777777777778,13.375,2.877083333333333,0.05597,0.018688,0.051524,0.043452,1
2029-01-09,2025,2025-01-09,06180,1.3086549043655396,6.642958641052246,2.291227102279663,2.9625000000000004,7.659722222222222,2.8409722222222222,0.063392,0.002882,0.047857,0.040578,1
2029-01-10,2025,2025-01-10,06180,-0.3140561580657959,9.545272827148438,4.905360698699951,0.9833333333333333,16.02777777777778,4.8493055555555555,0.049729,0.018372,0.00488,0.026867,1
2029-01-11,2025,2025-01-11,06180,-0.43050745129585266,7.020831108093262,8.684911727905273,0.6041666666666666,24.770833333333332,8.972222222222221,0.039659,0.050306,0.025011,0.038459,1
2029-01-12,2017,2017-01-12,06180,0.5188899636268616,7.394375324249268,11.48723316192627,2.7916666666666665,34.75,8.366666666666667,0.087116,0.077529,0.271655,0.139602,1
2029-01-13,2021,2021-01-13,06180,-1.4984380006790161,30.16327476501465,9.96642017364502,1.8041666666666667,13.118055555555555,7.487500000000001,0.126589,0.048308,0.215798,0.129868,1
2029-01-14,2016,2016-01-14,06180,-2.417449712753296,21.47469711303711,6.033344268798828,-1.4520833333333334,7.923611111111111,4.520138888888889,0.037003,0.038406,0.131729,0.065841,1
2029-01-15,2021,2021-01-15,06180,-1.9051264524459839,36.7127799987793,5.859355926513672,-2.9881944444444444,36.56944444444444,5.384027777777778,0.041514,0.000406,0.041379,0.029141,1
2029-01-16,2024,2024-01-16,06180,-4.058426856994629,38.05146789550781,5.915598392486572,-4.375,50.0,4.288194444444445,0.012134,0.033864,0.141671,0.057514,1
2029-01-17,2025,2025-01-17,06180,3.1627678871154785,3.618391275405884,4.4061455726623535,4.061111111111111,11.875,5.343055555555555,0.034434,0.0234,0.081561,0.045262,1
2029-01-18,2025,2025-01-18,06180,4.775636672973633,38.344112396240234,3.1133365631103516,4.229166666666667,7.691588785046729,3.295833333333333,0.020946,0.086873,0.015887,0.039207,1
2029-01-19,2020,2020-01-19,06180,6.044395923614502,5.214471340179443,3.159741163253784,3.4458333333333333,47.43055555555556,3.25,0.099603,0.119646,0.007857,0.078092,1
2029-01-20,2017,2017-01-20,06180,7.950387954711914,37.67869567871094,4.577564239501953,4.821527777777778,48.77777777777778,5.058333333333334,0.11993,0.031456,0.041852,0.069964,1
2029-01-21,2022,2022-01-21,06180,5.346195697784424,34.376808166503906,4.839754104614258,2.6104166666666666,40.263888888888886,5.177777777777778,0.104863,0.016685,0.029426,0.055778,1
2029-01-22,2020,2020-01-22,06180,5.047660827636719,31.012636184692383,6.054717540740967,4.85,28.220588235294116,4.913888888888889,0.007576,0.007913,0.099313,0.035198,1
2029-01-23,2025,2025-01-23,06180,6.323007583618164,5.405779838562012,6.794882297515869,3.495138888888889,6.75,7.043749999999999,0.108393,0.00381,0.021665,0.050999,1
2029-01-24,2020,2020-01-24,06180,6.079979419708252,44.072593688964844,5.005486965179443,6.25625,20.555555555555557,5.432638888888889,0.006756,0.06665,0.037185,0.033853,1
2029-01-25,2020,2020-01-25,06180,8.274201393127441,13.445852279663086,4.137783527374268,5.611111111111111,34.229166666666664,4.077083333333333,0.102077,0.058903,0.005284,0.060087,1
2029-01-26,2020,2020-01-26,06180,8.457587242126465,14.137832641601562,3.6468043327331543,4.139583333333333,14.180555555555555,5.063888888888888,0.16551,0.000121,0.123362,0.103249,1
2029-01-27,2019,2019-01-27,06180,2.584869384765625,47.76821517944336,7.002063274383545,2.5055555555555555,7.972222222222222,6.179861111111111,0.00304,0.112787,0.071575,0.056525,1
2029-01-28,2015,2015-01-28,06180,4.3246965408325195,9.281792640686035,7.112483978271484,3.160416666666667,5.923611111111111,8.316666666666668,0.044627,0.009518,0.104828,0.052154,1
2029-01-29,2019,2019-01-29,06180,0.275402307510376,43.13484573364258,4.161845684051514,0.8791666666666667,56.34027777777778,3.7562499999999996,0.023142,0.037426,0.035308,0.031077,1
2029-01-30,2021,2021-01-30,06180,-3.966130018234253,51.400760650634766,4.2205891609191895,-1.5777777777777777,31.26388888888889,3.838194444444444,0.091546,0.05707,0.033289,0.063726,1
2029-01-31,2022,2022-01-31,06180,-5.297244548797607,36.28431701660156,2.675584077835083,0.4673611111111111,24.38888888888889,2.2078014184397166,0.220958,0.033713,0.040722,0.110714,1
2029-10-01,2023,2023-10-01,06180,14.571419715881348,49.45432662963867,3.1463844776153564,14.794444444444444,76.50694444444444,3.5340277777777778,0.008549,0.076671,0.033746,0.036544,1
2029-10-02,2022,2022-10-02,06180,12.620112419128418,103.36161804199219,5.40375280380249,12.510416666666666,124.0625,5.821527777777778,0.004205,0.058669,0.036369,0.030193,1
2029-10-03,2017,2017-10-03,06180,12.311689376831055,114.71880340576172,7.211861610412598,12.962499999999999,112.49305555555556,7.311805555555556,0.024946,0.006308,0.0087,0.014481,1
2029-10-04,2023,2023-10-04,06180,12.843551635742188,106.51666259765625,7.721906661987305,14.174305555555556,96.55555555555556,7.993055555555555,0.051008,0.028231,0.023604,0.035954,1
2029-10-05,2017,2017-10-05,06180,11.236403465270996,60.14259719848633,6.891582012176514,10.359722222222222,43.36805555555556,5.234722222222222,0.033603,0.047541,0.144235,0.070974,1
2029-10-06,2024,2024-10-06,06180,11.271419525146484,114.46028137207031,3.818204879760742,10.875,112.8125,3.3777777777777778,0.015195,0.00467,0.038341,0.018981,1
2029-10-07,2024,2024-10-07,06180,14.845600128173828,51.76241683959961,6.2938456535339355,12.266666666666667,49.576388888888886,6.827083333333333,0.098851,0.006195,0.04642,0.055325,1
2029-10-08,2024,2024-10-08,06180,12.846529960632324,46.241058349609375,4.495075702667236,13.570833333333333,17.77777777777778,4.544444444444444,0.027763,0.080669,0.004298,0.036595,1
2029-10-09,2017,2017-10-09,06180,9.977434158325195,120.7740707397461,5.263578414916992,9.120979020979021,135.86111111111111,5.231468531468532,0.032828,0.042759,0.002795,0.026797,1
2029-10-10,2021,2021-10-10,06180,11.038569450378418,106.91861724853516,4.517751693725586,10.286111111111111,76.45833333333333,4.388888888888889,0.028842,0.086328,0.011218,0.040801,1
2029-10-11,2018,2018-10-11,06180,16.813091278076172,99.93384552001953,1.591692566871643,15.09290780141844,122.40277777777777,6.019148936170213,0.065935,0.06368,0.385424,0.161105,1
2029-10-12,2022,2022-10-12,06180,17.874666213989258,57.52067947387695,3.769012451171875,11.013194444444444,68.26388888888889,3.793055555555556,0.263001,0.030448,0.002093,0.114963,1
2029-10-13,2022,2022-10-13,06180,14.18386459350586,75.28910827636719,3.4745638370513916,12.130555555555555,56.923611111111114,4.293749999999999,0.078704,0.05205,0.071313,0.06849,1
2029-10-14,2021,2021-10-14,06180,11.03999137878418,59.7818489074707,5.654766082763672,11.67361111111111,55.0625,5.520833333333333,0.024287,0.013375,0.011659,0.017225,1
2029-10-15,2015,2015-10-15,06180,8.874513626098633,82.24275970458984,5.574024677276611,10.258333333333333,64.5625,6.356249999999999,0.053042,0.050108,0.068095,0.056678,1
2029-10-16,2016,2016-10-16,06180,6.789238452911377,18.464685440063477,4.3900251388549805,8.094444444444443,8.284722222222221,6.227083333333334,0.050029,0.028851,0.159922,0.076643,1
2029-10-17,2020,2020-10-17,06180,4.580104351043701,96.80062103271484,3.490025281906128,8.356944444444444,90.09722222222223,4.007638888888889,0.144767,0.018998,0.04506,0.077124,1
2029-10-18,2015,2015-10-18,06180,6.220228672027588,47.514854431152344,3.3900253772735596,9.429861111111112,18.07638888888889,3.5659722222222223,0.123026,0.083432,0.015317,0.078835,1
2029-10-19,2018,2018-10-19,06180,8.734264373779297,88.99996185302734,3.1241776943206787,8.740972222222222,92.86805555555556,2.584027777777778,0.000257,0.010963,0.047022,0.017498,1
2029-10-20,2019,2019-10-20,06180,13.100409507751465,29.18279266357422,2.033618211746216,11.911111111111111,47.96527777777778,2.029577464788732,0.045586,0.053232,0.000352,0.03431,1
2029-10-21,2019,2019-10-21,06180,13.039793968200684,48.940765380859375,2.3900253772735596,11.941666666666666,16.944444444444443,3.1743055555555557,0.042091,0.090682,0.068274,0.064523,1
2029-10-22,2022,2022-10-22,06180,12.420588493347168,26.362300872802734,2.6632628440856934,12.991666666666667,28.493055555555557,2.4069444444444446,0.021889,0.006039,0.022313,0.017261,1
2029-10-23,2023,2023-10-23,06180,8.262215614318848,57.190399169921875,3.1758453845977783,10.058333333333334,56.6875,3.9736111111111105,0.068845,0.001425,0.069448,0.0488,1
2029-10-24,2016,2016-10-24,06180,7.1051344871521,80.18798828125,3.591984510421753,8.004861111111111,70.47916666666667,3.861111111111111,0.034487,0.027516,0.023428,0.029078,1
2029-10-25,2016,2016-10-25,06180,7.581449508666992,42.58559036254883,4.823577880859375,6.848611111111111,48.048611111111114,3.1664285714285714,0.02809,0.015483,0.14426,0.059159,1
2029-10-26,2016,2016-10-26,06180,3.9038710594177246,77.16804504394531,4.777981281280518,6.574305555555556,48.78472222222222,2.8609929078014185,0.102358,0.080442,0.16688,0.11514,1
2029-10-27,2023,2023-10-27,06180,6.673288345336914,30.411279678344727,2.2764346599578857,6.409027777777777,28.36111111111111,5.213194444444444,0.010129,0.00581,0.255654,0.082491,1
2029-10-28,2021,2021-10-28,06180,11.613797187805176,55.17870330810547,4.999847412109375,12.499305555555557,53.43055555555556,5.615972222222222,0.033942,0.004954,0.053636,0.031154,1
2029-10-29,2021,2021-10-29,06180,11.329456329345703,51.81541061401367,5.6243085861206055,11.226573426573427,69.52777777777777,5.611188811188811,0.003944,0.050199,0.001142,0.01698,1
2029-10-30,2020,2020-10-30,06180,9.912385940551758,69.35730743408203,4.021774768829346,9.681944444444445,17.22222222222222,4.434722222222223,0.008833,0.147758,0.035948,0.058645,1
2029-10-31,2015,2015-10-31,06180,10.078964233398438,57.96242904663086,4.008370876312256,10.856944444444444,62.708333333333336,5.479166666666667,0.02982,0.013451,0.128037,0.054374,1
2032-03-01,2024,2024-03-01,06180,7.501015663146973,15.632949829101562,4.346384525299072,5.456250000000001,25.770833333333332,4.4743055555555555,0.078376,0.028732,0.011136,0.043311,1
2032-03-02,2015,2015-03-02,06180,9.054423332214355,30.572078704833984,7.42288064956665,3.863380281690141,37.05555555555556,6.483802816901409,0.198973,0.018375,0.08175,0.109627,1
2032-03-03,2019,2019-03-03,06180,10.950407028198242,100.71564483642578,8.691996574401855,6.645833333333333,59.49305555555556,5.972916666666666,0.164995,0.11683,0.236705,0.172058,1
2032-03-04,2024,2024-03-04,06180,11.249066352844238,107.68013000488281,4.766773700714111,4.548611111111111,125.65277777777777,5.697222222222222,0.256829,0.050937,0.080998,0.142312,1
2032-03-05,2020,2020-03-05,06180,8.580897331237793,49.25772476196289,3.2027435302734375,3.6430555555555557,93.97916666666667,3.3381944444444445,0.189268,0.126746,0.011791,0.117269,1
2032-03-06,2015,2015-03-06,06180,7.403345108032227,25.868501663208008,5.493036270141602,5.651388888888889,29.70138888888889,5.250694444444445,0.067153,0.010863,0.021097,0.036449,1
2032-03-07,2015,2015-03-07,06180,7.012389659881592,36.66388702392578,6.1737871170043945,6.388888888888889,60.486111111111114,6.581944444444444,0.023899,0.067515,0.035531,0.040474,1
2032-03-08,2016,2016-03-08,06180,4.006499290466309,131.9068603515625,4.0347580909729,2.740277777777778,61.375,3.267361111111111,0.048534,0.199896,0.066804,0.099424,1
2032-03-09,2019,2019-03-09,06180,4.466259479522705,124.65484619140625,9.463786125183105,5.1194444444444445,88.97202797202797,8.912500000000001,0.025037,0.10113,0.047991,0.054751,1
2032-03-10,2015,2015-03-10,06180,7.418410778045654,136.11817932128906,6.181570529937744,6.781944444444445,126.53521126760563,6.240277777777778,0.024396,0.027159,0.005111,0.019439,1
2032-03-11,2022,2022-03-11,06180,3.3660600185394287,137.1407012939453,7.277472496032715,3.4652777777777777,142.44444444444446,9.497916666666667,0.003803,0.015031,0.193297,0.06402,1
2032-03-12,2021,2021-03-12,06180,7.221869468688965,30.230632781982422,6.001898288726807,5.050000000000001,83.86111111111111,7.752083333333333,0.083248,0.151996,0.152359,0.124606,1
2032-03-13,2017,2017-03-13,06180,4.871129035949707,92.49291229248047,3.238232374191284,3.045138888888889,71.48611111111111,3.4895833333333335,0.06999,0.059536,0.021881,0.052421,1
2032-03-14,2020,2020-03-14,06180,-0.11419635266065598,150.0503387451172,4.757817268371582,2.303472222222222,158.59027777777777,4.364583333333333,0.09267,0.024203,0.034232,0.054598,1
2032-03-15,2023,2023-03-15,06180,-1.237833023071289,153.21754455566406,3.2309229373931885,2.9458333333333333,140.17361111111111,5.970833333333333,0.16036,0.036968,0.238518,0.14679,1
2032-03-16,2023,2023-03-16,06180,0.6870203614234924,61.92036056518555,5.999022006988525,3.03125,138.36805555555554,5.865277777777778,0.089855,0.216663,0.011643,0.104433,1
2032-03-17,2024,2024-03-17,06180,2.1372334957122803,148.76058959960938,5.02745246887207,2.792361111111111,177.06944444444446,4.914583333333334,0.025111,0.080231,0.009826,0.037061,1
2032-03-18,2021,2021-03-18,06180,1.492324948310852,139.3294219970703,2.4078447818756104,2.401388888888889,129.29861111111111,3.695138888888889,0.034845,0.028429,0.112063,0.056085,1
2032-03-19,2021,2021-03-19,06180,2.1082372665405273,125.7059097290039,4.985424995422363,1.2069444444444446,157.96527777777777,4.790972222222222,0.034547,0.091427,0.016928,0.046325,1
2032-03-20,2016,2016-03-20,06180,7.055513858795166,121.97821044921875,2.8173043727874756,4.403472222222223,104.375,2.2256944444444446,0.101653,0.04989,0.051502,0.071079,1
2032-03-21,2024,2024-03-21,06180,7.274130344390869,111.87150573730469,2.818159341812134,6.043356643356644,84.64583333333333,2.8,0.047176,0.077161,0.001581,0.042493,1
2032-03-22,2022,2022-03-22,06180,6.766706466674805,136.02145385742188,1.7487014532089233,5.182638888888889,150.29166666666666,2.1885714285714286,0.060718,0.040444,0.038292,0.047908,1
2032-03-23,2021,2021-03-23,06180,5.999075412750244,66.80464172363281,2.9308927059173584,6.089583333333334,42.701388888888886,4.027777777777778,0.003469,0.068312,0.095487,0.050527,1
2032-03-24,2024,2024-03-24,06180,4.863576412200928,63.66863250732422,3.546384334564209,5.0875,64.98611111111111,4.4840277777777775,0.008583,0.003734,0.081625,0.029041,1
2032-03-25,2015,2015-03-25,06180,4.820924758911133,112.25823211669922,5.706694602966309,4.822916666666667,92.88194444444444,5.725694444444445,7.6e-05,0.054915,0.001654,0.017001,1
2032-03-26,2016,2016-03-26,06180,4.077887058258057,176.8224639892578,6.083243370056152,5.011111111111111,191.47916666666666,5.50625,0.035771,0.041539,0.050229,0.041839,1
2032-03-27,2024,2024-03-27,06180,5.52111291885376,180.15359497070312,5.407454013824463,8.008333333333333,177.59027777777777,5.093055555555555,0.095335,0.007265,0.027369,0.048524,1
2032-03-28,2020,2020-03-28,06180,3.053875684738159,186.48562622070312,3.2309229373931885,6.027083333333334,172.45138888888889,3.6437500000000003,0.113963,0.039775,0.035938,0.068299,1
2032-03-29,2017,2017-03-29,06180,3.7828285694122314,38.9169921875,5.018205165863037,4.967361111111111,34.604166666666664,3.447222222222222,0.045403,0.012223,0.136759,0.062856,1
2032-03-30,2015,2015-03-30,06180,4.619546890258789,77.88349151611328,11.390753746032715,5.965972222222223,90.04166666666667,9.281944444444445,0.051609,0.034458,0.183579,0.086054,1
2032-03-31,2020,2020-03-31,06180,3.918764591217041,144.74998474121094,5.3870720863342285,4.008333333333334,199.30555555555554,4.648611111111111,0.003433,0.154618,0.064285,0.067044,1
2032-06-01,2022,2022-06-01,06180,13.0194091796875,246.55931091308594,2.746384382247925,12.105555555555556,194.81944444444446,2.3825174825174824,0.035028,0.146637,0.031676,0.067505,1
2032-06-02,2017,2017-06-02,06180,12.669332504272461,256.84356689453125,3.061677932739258,14.068055555555555,251.73611111111111,3.3069444444444445,0.053613,0.014475,0.021351,0.032193,1
2032-06-03,2022,2022-06-03,06180,12.064994812011719,198.995849609375,2.830617904663086,12.66875,147.72222222222223,3.8784722222222223,0.023142,0.145316,0.091219,0.080217,1
2032-06-04,2024,2024-06-04,06180,13.403546333312988,275.1654357910156,3.60274338722229,15.314583333333335,283.09027777777777,4.49375,0.07325,0.02246,0.077565,0.059308,1
2032-06-05,2021,2021-06-05,06180,17.092947006225586,217.7384796142578,2.413639783859253,17.485416666666666,311.4236111111111,2.889473684210526,0.015043,0.265516,0.041423,0.098099,1
2032-06-06,2021,2021-06-06,06180,18.325895309448242,270.0045166015625,2.630922794342041,19.50486111111111,306.7291666666667,2.0957746478873243,0.04519,0.104082,0.046586,0.063277,1
2032-06-07,2020,2020-06-07,06180,15.173065185546875,267.7199401855469,3.0309228897094727,13.710416666666667,256.15972222222223,3.920138888888889,0.056063,0.032763,0.077409,0.055477,1
2032-06-08,2020,2020-06-08,06180,13.15254020690918,128.5028076171875,2.022794246673584,14.404166666666665,158.125,2.360294117647059,0.047975,0.083953,0.02938,0.05319,1
2032-06-09,2020,2020-06-09,06180,12.596532821655273,135.19944763183594,3.0027434825897217,14.513194444444444,186.5,1.9756944444444444,0.073466,0.145392,0.089408,0.099826,1
2032-06-10,2024,2024-06-10,06180,13.803332328796387,229.80902099609375,7.130227088928223,14.04861111111111,207.53472222222223,7.043749999999999,0.009402,0.063128,0.007528,0.024958,1
2032-06-11,2020,2020-06-11,06180,13.834451675415039,183.42559814453125,5.369532585144043,18.119444444444444,164.11111111111111,5.331250000000001,0.164244,0.05474,0.003333,0.083119,1
2032-06-12,2024,2024-06-12,06180,12.998827934265137,107.36476135253906,6.586532115936279,12.051388888888889,188.15972222222223,6.229166666666667,0.036315,0.228983,0.03111,0.092554,1
2032-06-13,2022,2022-06-13,06180,13.960898399353027,208.4902801513672,6.256016254425049,14.365277777777777,252.1875,5.920138888888889,0.0155,0.123844,0.029239,0.052125,1
2032-06-14,2019,2019-06-14,06180,17.10344123840332,313.6995544433594,4.06748104095459,18.020833333333332,333.05555555555554,4.377083333333333,0.035164,0.054857,0.026952,0.038608,1
2032-06-15,2016,2016-06-15,06180,17.454833984375,352.8420715332031,5.705558776855469,16.897222222222222,292.02777777777777,3.976388888888889,0.021373,0.172356,0.15053,0.105415,1
2032-06-16,2021,2021-06-16,06180,19.305072784423828,349.60205078125,7.461946487426758,16.430555555555557,323.88194444444446,4.047222222222222,0.110181,0.072894,0.297263,0.155119,1
2032-06-17,2021,2021-06-17,06180,20.26957130432129,319.3448791503906,4.7588934898376465,20.913194444444443,315.7638888888889,5.513194444444444,0.02467,0.010149,0.065664,0.032612,1
2032-06-18,2019,2019-06-18,06180,20.674211502075195,270.8283386230469,4.9745635986328125,19.740277777777777,330.7013888888889,5.361111111111111,0.035798,0.169688,0.03365,0.075321,1
2032-06-19,2023,2023-06-19,06180,20.640613555908203,186.74049377441406,3.874563694000244,18.174305555555556,238.93055555555554,3.304285714285714,0.094534,0.147913,0.049645,0.097081,1
2032-06-20,2019,2019-06-20,06180,18.368242263793945,286.57427978515625,4.399097919464111,19.456944444444446,302.43055555555554,4.497222222222223,0.04173,0.044939,0.008542,0.032736,1
2032-06-21,2024,2024-06-21,06180,17.170896530151367,310.20001220703125,2.0622928142547607,16.639583333333334,266.00694444444446,2.6409722222222225,0.020365,0.125249,0.050376,0.060834,1
2032-06-22,2024,2024-06-22,06180,16.09375762939453,97.08609008789062,5.593303680419922,15.755555555555556,63.24305555555556,4.873611111111111,0.012963,0.095916,0.062652,0.052755,1
2032-06-23,2024,2024-06-23,06180,15.823850631713867,169.1005859375,6.219239711761475,16.302777777777777,157.25,4.934027777777778,0.018357,0.033586,0.111882,0.050983,1
2032-06-24,2017,2017-06-24,06180,16.063770294189453,189.00222778320312,5.379332542419434,15.969444444444443,153.31944444444446,6.5055555555555555,0.003616,0.10113,0.098041,0.061197,1
2032-06-25,2021,2021-06-25,06180,16.294170379638672,204.50054931640625,3.0783939361572266,16.779166666666665,130.72916666666666,2.534265734265734,0.01859,0.209078,0.047368,0.08437,1
2032-06-26,2015,2015-06-26,06180,17.12668800354004,317.385986328125,2.798130989074707,14.866666666666667,319.40277777777777,3.434507042253521,0.086627,0.005716,0.055399,0.052985,1
2032-06-27,2021,2021-06-27,06180,19.447355270385742,127.81443786621094,2.4350850582122803,17.99375,183.16666666666666,2.297080291970803,0.055717,0.156875,0.012014,0.072953,1
2032-06-28,2020,2020-06-28,06180,19.807958602905273,218.28578186035156,2.0816526412963867,19.445138888888888,157.55555555555554,3.029166666666667,0.013907,0.172117,0.082484,0.081943,1
2032-06-29,2015,2015-06-29,06180,17.82093048095703,164.380615234375,2.802743434906006,16.35486111111111,165.66666666666666,3.673611111111111,0.056195,0.003645,0.075812,0.046315,1
2032-06-30,2015,2015-06-30,06180,17.508047103881836,348.77447509765625,4.874541759490967,17.024305555555557,342.21527777777777,3.931944444444444,0.018542,0.01859,0.082056,0.03761,1
2033-08-01,2019,2019-08-01,06180,19.613550186157227,78.16812133789062,2.4745638370513916,15.147916666666667,107.875,2.8812499999999996,0.171168,0.084193,0.035403,0.104346,1
2033-08-02,2020,2020-08-02,06180,19.752758026123047,245.10601806640625,3.218204975128174,19.299305555555556,201.75694444444446,3.433093525179856,0.017381,0.122857,0.018707,0.049421,1
2033-08-03,2019,2019-08-03,06180,19.86293601989746,270.06451416015625,2.5027434825897217,19.40902777777778,299.4236111111111,3.7895104895104894,0.017398,0.083207,0.112017,0.065527,1
2033-08-04,2019,2019-08-04,06180,19.616939544677734,229.02865600585938,3.476607322692871,19.200694444444444,205.61111111111111,3.2289855072463767,0.015955,0.066368,0.021556,0.032759,1
2033-08-05,2015,2015-08-05,06180,19.805387496948242,235.15432739257812,3.464348793029785,18.395833333333332,230.59027777777777,3.6277777777777778,0.054028,0.012935,0.014227,0.02976,1
2033-08-06,2019,2019-08-06,06180,19.978656768798828,174.96217346191406,3.009941816329956,20.074305555555554,187.29861111111111,4.655555555555555,0.003666,0.034963,0.143256,0.054932,1
2033-08-07,2021,2021-08-07,06180,20.62196922302246,109.48296356201172,7.862957000732422,17.69027777777778,143.0,4.404166666666667,0.112372,0.094992,0.301099,0.163776,1
2033-08-08,2020,2020-08-08,06180,21.38968276977539,237.66754150390625,3.068063497543335,22.4375,247.8125,2.3569444444444447,0.040163,0.028752,0.061905,0.043262,1
2033-08-09,2020,2020-08-09,06180,20.638370513916016,262.4288330078125,2.3449625968933105,24.068055555555556,253.65972222222223,2.9229166666666666,0.13146,0.024853,0.050313,0.075134,1
2033-08-10,2021,2021-08-10,06180,15.762113571166992,47.23170852661133,2.395855188369751,16.172142857142855,127.55555555555556,3.6857142857142855,0.015716,0.227648,0.112286,0.108267,1
2033-08-11,2015,2015-08-11,06180,18.084157943725586,159.39830017089844,2.752150297164917,18.876388888888886,174.75,3.314583333333333,0.030366,0.043509,0.048962,0.039888,1
2033-08-12,2021,2021-08-12,06180,19.08810043334961,207.59866333007812,3.0291457176208496,18.32986111111111,200.24305555555554,3.8131944444444446,0.029063,0.020847,0.068254,0.038356,1
2033-08-13,2018,2018-08-13,06180,18.38574981689453,122.48368835449219,3.1732959747314453,18.544444444444444,93.29166666666667,4.461805555555555,0.006083,0.082734,0.112169,0.060904,1
2033-08-14,2023,2023-08-14,06180,19.389278411865234,255.92453002929688,2.5804786682128906,19.20763888888889,259.90277777777777,3.064583333333333,0.006962,0.011275,0.042143,0.01881,1
2033-08-15,2018,2018-08-15,06180,19.42229461669922,229.74755859375,4.646384239196777,19.45486111111111,190.93706293706293,4.1125,0.001248,0.109994,0.046476,0.04744,1
2033-08-16,2018,2018-08-16,06180,18.854761123657227,213.33067321777344,6.21162748336792,20.78611111111111,222.84722222222223,4.46013986013986,0.074029,0.026971,0.152473,0.083445,1
2033-08-17,2019,2019-08-17,06180,17.658945083618164,117.20915222167969,5.967471122741699,17.80138888888889,82.50694444444444,5.71875,0.00546,0.098351,0.021652,0.038185,1
2033-08-18,2017,2017-08-18,06180,17.681289672851562,122.40270233154297,4.574698448181152,18.015972222222224,115.95833333333333,4.109722222222222,0.012828,0.018264,0.040478,0.022754,1
2033-08-19,2023,2023-08-19,06180,19.30291175842285,192.1799774169922,3.8999125957489014,20.37222222222222,239.09722222222223,3.9819444444444443,0.040987,0.13297,0.007141,0.058428,1
2033-08-20,2023,2023-08-20,06180,18.612192153930664,173.4945526123047,2.319509983062744,18.71875,187.59722222222223,2.8590277777777775,0.004084,0.039969,0.046967,0.027714,1
2033-08-21,2019,2019-08-21,06180,17.396495819091797,216.34994506835938,3.780975341796875,16.222916666666666,238.34722222222223,3.9499999999999997,0.044983,0.062343,0.014714,0.041111,1
2033-08-22,2020,2020-08-22,06180,19.226953506469727,140.61245727539062,6.6558427810668945,21.172916666666666,181.29861111111111,6.129861111111111,0.074589,0.11531,0.045788,0.078165,1
2033-08-23,2016,2016-08-23,06180,20.412904739379883,164.85491943359375,4.8328022956848145,18.290277777777778,171.09722222222223,3.647142857142857,0.081361,0.017691,0.103215,0.068816,1
2033-08-24,2017,2017-08-24,06180,18.765525817871094,150.8037109375,3.802743434906006,15.790972222222223,168.88888888888889,3.8992957746478876,0.114015,0.051256,0.008405,0.063504,1
2033-08-25,2021,2021-08-25,06180,17.389482498168945,28.579999923706055,6.201745510101318,16.321527777777778,75.77777777777777,5.996527777777778,0.040935,0.133765,0.017865,0.061863,1
2033-08-26,2018,2018-08-26,06180,15.105040550231934,152.40194702148438,7.3280348777771,15.091666666666665,194.80555555555554,4.800694444444444,0.000513,0.120177,0.220013,0.102262,1
2033-08-27,2017,2017-08-27,06180,13.465100288391113,194.33131408691406,4.274320125579834,16.570138888888888,169.75694444444446,3.7007042253521125,0.119017,0.069647,0.049935,0.083481,1
2033-08-28,2023,2023-08-28,06180,13.426441192626953,204.0913543701172,3.6488242149353027,16.279166666666665,212.30555555555554,3.5416666666666665,0.109345,0.02328,0.009328,0.053521,1
2033-08-29,2020,2020-08-29,06180,12.089415550231934,182.3894500732422,2.7538540363311768,16.43472222222222,129.49305555555554,2.310416666666667,0.166556,0.149915,0.038603,0.123178,1
2033-08-30,2020,2020-08-30,06180,16.075986862182617,88.75381469726562,2.60274338722229,15.784027777777778,138.71527777777777,2.576388888888889,0.011191,0.141597,0.002294,0.047644,1
2033-08-31,2015,2015-08-31,06180,17.851104736328125,81.96463012695312,4.515414237976074,17.56527777777778,62.645833333333336,3.564583333333333,0.010956,0.054752,0.082773,0.04564,1
2035-11-01,2015,2015-11-01,06180,8.647216796875,9.220773696899414,3.4034159183502197,9.864583333333334,28.45138888888889,3.0,0.046662,0.054502,0.035119,0.045551,1
2035-11-02,2024,2024-11-02,06180,6.436396598815918,48.474021911621094,2.5534305572509766,6.014583333333333,61.958333333333336,2.96875,0.016168,0.038216,0.036155,0.028779,1
2035-11-03,2019,2019-11-03,06180,11.025368690490723,12.736580848693848,3.0764849185943604,10.436805555555557,30.11111111111111,2.4791666666666665,0.02256,0.049242,0.051998,0.039396,1
2035-11-04,2024,2024-11-04,06180,12.099854469299316,18.78931999206543,2.2039387226104736,10.713194444444445,17.743055555555557,2.5597222222222222,0.053151,0.002965,0.030972,0.031442,1
2035-11-05,2024,2024-11-05,06180,5.9349822998046875,47.722496032714844,1.5831143856048584,9.672916666666667,11.0625,1.5388888888888888,0.143275,0.103899,0.00385,0.089635,1
2035-11-06,2017,2017-11-06,06180,4.133912563323975,58.63016128540039,3.092224359512329,5.672027972027972,59.34722222222222,3.0923076923076924,0.058956,0.002032,7e-06,0.024194,1
2035-11-07,2018,2018-11-07,06180,10.895177841186523,47.7501335144043,4.237727165222168,8.914583333333333,57.111111111111114,2.879861111111111,0.075916,0.02653,0.118207,0.073788,1
2035-11-08,2019,2019-11-08,06180,5.970992565155029,56.77100372314453,3.1406984329223633,7.581944444444444,37.020833333333336,3.202205882352941,0.061748,0.055975,0.005354,0.043098,1
2035-11-09,2016,2016-11-09,06180,1.128706455230713,54.478092193603516,2.4464097023010254,2.060416666666667,35.5,4.779166666666667,0.035713,0.053786,0.203074,0.091343,1
2035-11-10,2017,2017-11-10,06180,3.8364601135253906,13.448678970336914,8.497724533081055,6.975,17.98611111111111,7.471527777777778,0.120301,0.01286,0.089334,0.078778,1
2035-11-11,2021,2021-11-11,06180,10.29223346710205,33.982295989990234,4.077307224273682,9.427083333333334,25.84722222222222,3.556944444444445,0.033161,0.023056,0.045299,0.033771,1
2035-11-12,2015,2015-11-12,06180,11.349433898925781,27.318904876708984,5.790660381317139,11.21875,50.78472222222222,7.33263888888889,0.005009,0.066505,0.134234,0.062225,1
2035-11-13,2018,2018-11-13,06180,10.14073371887207,15.772628784179688,4.150330543518066,9.527083333333334,19.770833333333332,4.229861111111111,0.023521,0.011331,0.006923,0.014885,1
2035-11-14,2022,2022-11-14,06180,12.555330276489258,11.51564884185791,7.93080997467041,9.904895104895106,16.125,6.173426573426574,0.101592,0.013063,0.152986,0.090451,1
2035-11-15,2018,2018-11-15,06180,10.398150444030762,20.78472900390625,2.961845874786377,9.284722222222221,41.5625,4.267361111111111,0.042678,0.058887,0.113649,0.068832,1
2035-11-16,2021,2021-11-16,06180,10.593134880065918,10.637272834777832,1.5157337188720703,6.760416666666667,3.5069444444444446,2.9208333333333334,0.146909,0.020208,0.122318,0.101521,1
2035-11-17,2015,2015-11-17,06180,9.765389442443848,23.098346710205078,3.635026216506958,8.827272727272726,27.76388888888889,4.557342657342657,0.035958,0.013223,0.080291,0.042437,1
2035-11-18,2018,2018-11-18,06180,8.331361770629883,24.46402359008789,1.617145299911499,5.706250000000001,33.75,5.199305555555556,0.100621,0.026318,0.311838,0.141695,1
2035-11-19,2024,2024-11-19,06180,6.833616256713867,36.02717208862305,3.4182050228118896,2.5395833333333333,9.48611111111111,3.5159722222222225,0.164591,0.075221,0.008511,0.090956,1
2035-11-20,2023,2023-11-20,06180,5.428031921386719,6.46455192565918,4.783329486846924,5.343055555555555,11.881944444444445,5.000694444444445,0.003257,0.015354,0.018922,0.011586,1
2035-11-21,2015,2015-11-21,06180,2.324643135070801,36.933387756347656,8.736223220825195,1.3777777777777778,11.270833333333334,7.716666666666667,0.036293,0.072731,0.088756,0.062963,1
2035-11-22,2015,2015-11-22,06180,0.09521517902612686,36.394962310791016,8.59111499786377,1.9602836879432624,9.36111111111111,9.47517730496454,0.071488,0.076617,0.07696,0.074669,1
2035-11-23,2024,2024-11-23,06180,1.2364922761917114,5.672178745269775,6.670683860778809,2.959722222222222,41.888888888888886,6.601388888888889,0.066052,0.102643,0.006032,0.059023,1
2035-11-24,2023,2023-11-24,06180,0.5503135323524475,34.986820220947266,5.7153191566467285,3.5888888888888886,28.90972222222222,7.297222222222222,0.116469,0.017223,0.13771,0.093067,1
2035-11-25,2018,2018-11-25,06180,0.8835591673851013,17.891759872436523,4.816036224365234,2.4430555555555555,14.51388888888889,4.419444444444444,0.059776,0.009573,0.034525,0.03714,1
2035-11-26,2022,2022-11-26,06180,5.383699417114258,5.37772274017334,2.9182050228118896,7.147222222222222,19.294573643410853,2.593055555555556,0.067596,0.039442,0.028305,0.047363,1
2035-11-27,2019,2019-11-27,06180,9.502838134765625,17.40915298461914,7.123830318450928,7.836111111111112,6.430555555555555,6.388194444444444,0.063886,0.031115,0.064039,0.054101,1
2035-11-28,2019,2019-11-28,06180,10.309009552001953,9.32469654083252,5.926621913909912,8.521527777777777,8.152777777777779,5.945138888888889,0.068514,0.003321,0.001612,0.028886,1
2035-11-29,2024,2024-11-29,06180,7.939542293548584,28.599777221679688,3.2077479362487793,3.7562499999999996,11.6875,3.254861111111111,0.160346,0.047932,0.004101,0.079748,1
2035-11-30,2022,2022-11-30,06180,8.294358253479004,13.821155548095703,5.151524543762207,4.335416666666666,13.25,4.711805555555555,0.151747,0.001619,0.038279,0.072668,1
2040-02-01,2021,2021-02-01,06180,-6.985198020935059,55.28247833251953,3.4428718090057373,0.6201388888888889,46.048611111111114,3.613888888888889,0.291513,0.02617,0.014888,0.128923,1
2040-02-02,2015,2015-02-02,06180,-8.311202049255371,57.27192687988281,3.6745638847351074,-1.1458333333333333,36.21527777777778,4.132638888888889,0.274649,0.059677,0.039877,0.139726,1
2040-02-03,2018,2018-02-03,06180,-6.263216018676758,41.258331298828125,1.5826267004013062,-2.1993055555555556,13.145833333333334,3.7548611111111114,0.15577,0.079674,0.1891,0.14294,1
2040-02-04,2023,2023-02-04,06180,-5.923628807067871,59.475006103515625,3.475961446762085,-1.0833333333333333,83.89583333333333,4.122695035460993,0.185529,0.069212,0.0563,0.111865,1
2040-02-05,2021,2021-02-05,06180,-3.3799686431884766,37.309776306152344,8.3338623046875,-4.590277777777778,40.951388888888886,5.817361111111111,0.046391,0.010321,0.219069,0.087374,1
2040-02-06,2017,2017-02-06,06180,0.5577468872070312,14.230134963989258,6.500143527984619,1.1902777777777778,18.0,6.352083333333334,0.024245,0.010684,0.012889,0.01677,1
2040-02-07,2025,2025-02-07,06180,1.4380229711532593,11.20264720916748,6.842238903045654,2.1402777777777775,34.770833333333336,5.90625,0.026918,0.066795,0.081481,0.05525,1
2040-02-08,2024,2024-02-08,06180,1.2938851118087769,63.96074676513672,5.280735969543457,1.4243055555555555,54.638888888888886,4.935416666666667,0.004999,0.026419,0.030061,0.018944,1
2040-02-09,2024,2024-02-09,06180,1.3866709470748901,28.096004486083984,8.147019386291504,0.44513888888888886,14.131944444444445,8.530555555555557,0.036089,0.039576,0.033388,0.036325,1
2040-02-10,2020,2020-02-10,06180,4.306559085845947,36.305145263671875,7.505321979522705,5.829166666666667,36.861111111111114,8.225000000000001,0.058362,0.001576,0.06265,0.042612,1
2040-02-11,2016,2016-02-11,06180,4.092300891876221,69.90741729736328,2.959713935852051,2.773611111111111,33.166666666666664,2.3131944444444446,0.050546,0.104128,0.056282,0.068341,1
2040-02-12,2024,2024-02-12,06180,4.756145000457764,17.52967643737793,3.9369254112243652,1.8909722222222223,23.729166666666668,3.4000000000000004,0.109822,0.01757,0.046741,0.063222,1
2040-02-13,2020,2020-02-13,06180,4.025305271148682,50.040321350097656,5.217354774475098,4.0680555555555555,69.82638888888889,4.977083333333334,0.001639,0.056076,0.020916,0.023753,1
2040-02-14,2024,2024-02-14,06180,2.881528854370117,31.022037506103516,2.9463207721710205,4.065277777777777,27.98611111111111,3.5083333333333333,0.045373,0.008604,0.048925,0.035408,1
2040-02-15,2023,2023-02-15,06180,1.3627443313598633,20.154762268066406,4.652042388916016,3.2416666666666667,21.28472222222222,3.4118055555555555,0.072019,0.003202,0.107967,0.062158,1
2040-02-16,2018,2018-02-16,06180,1.1137596368789673,22.52103614807129,5.749127388000488,2.751048951048951,54.291666666666664,5.742657342657342,0.062757,0.090042,0.000563,0.052285,1
2040-02-17,2018,2018-02-17,06180,0.47460484504699707,57.51730728149414,2.5027899742126465,2.2750000000000004,43.05555555555556,2.1909722222222223,0.069009,0.040986,0.027145,0.048043,1
2040-02-18,2025,2025-02-18,06180,-1.3124922513961792,44.74448013305664,4.829994201660156,-3.5963636363636367,33.166666666666664,3.2363636363636363,0.087541,0.032813,0.138731,0.08648,1
2040-02-19,2015,2015-02-19,06180,-3.11698317527771,44.07238006591797,7.079813003540039,3.0590277777777777,45.076388888888886,6.285416666666666,0.236727,0.002845,0.069155,0.116291,1
2040-02-20,2016,2016-02-20,06180,-3.2439208030700684,59.33295440673828,8.764406204223633,3.1597222222222223,11.67361111111111,8.004861111111111,0.245452,0.135073,0.066121,0.158539,1
2040-02-21,2022,2022-02-21,06180,1.3330801725387573,62.5606689453125,10.132299423217773,4.879861111111111,25.375886524822697,10.625694444444445,0.135949,0.105386,0.042952,0.098881,1
2040-02-22,2016,2016-02-22,06180,4.924890995025635,44.984962463378906,8.339004516601562,4.747222222222223,82.97916666666667,7.420138888888889,0.00681,0.10768,0.07999,0.059025,1
2040-02-23,2016,2016-02-23,06180,4.71232271194458,61.12321472167969,6.671745300292969,4.261805555555556,70.22916666666667,6.7243055555555555,0.017268,0.025807,0.004576,0.016022,1
2040-02-24,2024,2024-02-24,06180,3.1747045516967773,109.3087158203125,4.902332305908203,4.736111111111111,98.23611111111111,4.172222222222222,0.059849,0.031381,0.063558,0.052421,1
2040-02-25,2016,2016-02-25,06180,2.048279285430908,74.48849487304688,4.192575454711914,2.1041666666666665,82.01388888888889,5.304166666666666,0.002142,0.021328,0.096768,0.036286,1
2040-02-26,2020,2020-02-26,06180,1.9038207530975342,44.72792434692383,4.712676048278809,2.1319444444444446,32.833333333333336,4.477777777777778,0.008744,0.033711,0.020449,0.019745,1
2040-02-27,2021,2021-02-27,06180,4.503727912902832,111.35690307617188,4.748240947723389,4.284722222222222,109.34722222222223,3.595833333333333,0.008395,0.005696,0.100321,0.035163,1
2040-02-28,2024,2024-02-28,06180,4.374215602874756,55.11520767211914,4.76443338394165,3.7006944444444443,53.18055555555556,4.326388888888889,0.025816,0.005483,0.038133,0.023411,1
2040-02-29,2020,2020-02-29,06180,3.931216239929199,60.91698455810547,5.486848831176758,4.762499999999999,14.75,6.791666666666667,0.031863,0.130843,0.113589,0.086075,1
2041-12-01,2023,2023-12-01,06180,-2.9944913387298584,33.282466888427734,5.852630138397217,-1.06875,17.23611111111111,4.588194444444444,0.073814,0.045477,0.110073,0.076191,1
2041-12-02,2023,2023-12-02,06180,-2.352360963821411,31.559490203857422,2.802797555923462,-1.7361111111111112,14.20138888888889,3.6937499999999996,0.023621,0.049195,0.07756,0.047475,1
2041-12-03,2017,2017-12-03,06180,5.849864482879639,3.9458529949188232,6.370193958282471,3.8645833333333335,10.67361111111111,6.266666666666667,0.076096,0.019067,0.009012,0.038862,1
2041-12-04,2019,2019-12-04,06180,8.965361595153809,4.830815315246582,4.462641716003418,6.953846153846154,8.395833333333334,4.7734265734265735,0.077102,0.010104,0.027055,0.041988,1
2041-12-05,2020,2020-12-05,06180,7.789841175079346,7.559161186218262,4.185665607452393,5.486111111111111,14.17361111111111,4.684722222222223,0.088302,0.018746,0.043444,0.053978,1
2041-12-06,2017,2017-12-06,06180,9.120238304138184,16.1750431060791,8.900601387023926,8.161111111111111,6.131944444444445,8.252777777777778,0.036763,0.028463,0.056395,0.040163,1
2041-12-07,2017,2017-12-07,06180,6.54918909072876,13.0860013961792,10.948999404907227,6.498611111111111,8.597222222222221,9.243055555555555,0.001939,0.012722,0.148508,0.049144,1
2041-12-08,2020,2020-12-08,06180,4.1429853439331055,23.99245262145996,3.9324657917022705,5.738888888888889,2.7569444444444446,4.873611111111111,0.061171,0.060184,0.08193,0.067103,1
2041-12-09,2022,2022-12-09,06180,2.087292432785034,12.759608268737793,2.7788476943969727,0.18125000000000002,15.375,3.7777777777777777,0.073059,0.007412,0.08696,0.057535,1
2041-12-10,2024,2024-12-10,06180,5.367557048797607,9.441084861755371,3.9550373554229736,2.1187500000000004,8.979166666666666,2.9180555555555556,0.124527,0.001309,0.090273,0.077285,1
2041-12-11,2016,2016-12-11,06180,6.368206024169922,9.419844627380371,3.391047954559326,7.001388888888889,10.368055555555555,4.788888888888889,0.02427,0.002687,0.121686,0.04702,1
2041-12-12,2019,2019-12-12,06180,6.762051582336426,13.40106201171875,3.9282476902008057,4.710416666666666,11.152777777777779,3.520138888888889,0.078639,0.006372,0.035527,0.044025,1
2041-12-13,2021,2021-12-13,06180,6.8169708251953125,6.029747486114502,5.331675052642822,6.402777777777778,7.916666666666667,3.2777777777777777,0.015876,0.005348,0.178798,0.061594,1
2041-12-14,2020,2020-12-14,06180,7.5585408210754395,8.335497856140137,5.647517204284668,5.571527777777778,5.388888888888889,6.665972222222222,0.076162,0.008351,0.08866,0.059568,1
2041-12-15,2024,2024-12-15,06180,6.650728702545166,19.288593292236328,6.979133605957031,5.967361111111111,13.11111111111111,6.7034722222222225,0.026194,0.017508,0.023997,0.022929,1
2041-12-16,2024,2024-12-16,06180,4.820875644683838,14.345861434936523,9.69476318359375,9.554166666666667,12.405594405594405,9.429166666666667,0.181428,0.005499,0.023121,0.081157,1
2041-12-17,2023,2023-12-17,06180,5.380716800689697,6.616210460662842,9.646736145019531,8.474305555555555,4.104166666666667,8.63263888888889,0.118578,0.007119,0.08828,0.076051,1
2041-12-18,2019,2019-12-18,06180,5.422970294952393,5.804358959197998,6.525515079498291,6.336805555555555,29.729166666666668,6.568055555555556,0.035027,0.067806,0.003703,0.035464,1
2041-12-19,2023,2023-12-19,06180,5.755800724029541,1.7018935680389404,4.072422981262207,6.688194444444445,3.798611111111111,4.863194444444444,0.035739,0.005942,0.068839,0.03673,1
2041-12-20,2017,2017-12-20,06180,3.9351961612701416,3.8086283206939697,1.8781882524490356,4.466433566433567,7.0,3.6545454545454548,0.020362,0.009045,0.154638,0.05725,1
2041-12-21,2022,2022-12-21,06180,4.048247814178467,6.075732231140137,1.4705054759979248,5.004166666666666,9.020833333333334,4.063888888888889,0.03664,0.008347,0.225762,0.084889,1
2041-12-22,2021,2021-12-22,06180,2.605541467666626,8.012890815734863,2.293674945831299,2.5340277777777778,5.354166666666667,3.0520833333333335,0.002741,0.007535,0.066022,0.023164,1
2041-12-23,2020,2020-12-23,06180,4.219520092010498,10.929640769958496,2.4882681369781494,3.9895833333333335,19.36111111111111,3.270802919708029,0.008814,0.023896,0.068122,0.031131,1
2041-12-24,2020,2020-12-24,06180,3.8392956256866455,2.076265335083008,4.980335235595703,3.5493055555555557,10.98611111111111,5.429166666666666,0.011115,0.025252,0.039072,0.023743,1
2041-12-25,2019,2019-12-25,06180,2.00649356842041,9.306218147277832,2.83663010597229,4.697222222222222,10.895833333333334,2.5042253521126763,0.103136,0.004505,0.028937,0.051287,1
2041-12-26,2019,2019-12-26,06180,3.57871150970459,9.372023582458496,2.4551596641540527,3.584027777777778,10.854166666666666,3.6395833333333334,0.000204,0.004201,0.103108,0.032274,1
2041-12-27,2024,2024-12-27,06180,4.106042861938477,8.99595832824707,1.860027551651001,5.418749999999999,6.006944444444445,2.0881944444444445,0.050316,0.008471,0.019863,0.028627,1
2041-12-28,2017,2017-12-28,06180,2.8836734294891357,9.884650230407715,3.302743434906006,4.079861111111111,10.319444444444445,3.7125000000000004,0.04585,0.001232,0.035671,0.029411,1
2041-12-29,2019,2019-12-29,06180,0.8315901160240173,7.599226474761963,5.87420654296875,2.8604166666666666,10.70138888888889,5.750694444444445,0.077765,0.008792,0.010752,0.036969,1
2041-12-30,2017,2017-12-30,06180,1.701093077659607,3.931426525115967,7.665287017822266,2.9180555555555556,2.6597222222222223,6.831944444444445,0.046646,0.003604,0.072545,0.041503,1
2041-12-31,2017,2017-12-31,06180,0.14911220967769623,8.263785362243652,4.6182050704956055,4.4625,5.861111111111111,4.675000000000001,0.165333,0.006809,0.004944,0.069659,1
2050-04-01,2020,2020-04-01,06180,5.497687339782715,20.550418853759766,10.098687171936035,6.35,81.84722222222223,6.841666666666667,0.032669,0.173723,0.283534,0.150245,1
2050-04-02,2020,2020-04-02,06180,6.062007427215576,20.88506317138672,9.505870819091797,6.563888888888889,65.74305555555556,8.672222222222222,0.019237,0.127133,0.072572,0.067606,1
2050-04-03,2016,2016-04-03,06180,5.565359592437744,22.53863525390625,3.1213629245758057,7.7020833333333325,66.65972222222223,2.4375,0.081901,0.125045,0.059532,0.088134,1
2050-04-04,2024,2024-04-04,06180,5.036152362823486,33.9818000793457,2.374497652053833,4.826388888888889,28.631944444444443,6.546527777777778,0.00804,0.015162,0.363188,0.116721,1
2050-04-05,2018,2018-04-05,06180,6.255985736846924,93.28901672363281,3.8614511489868164,6.225694444444445,86.20138888888889,6.207638888888889,0.001161,0.020087,0.204243,0.067764,1
2050-04-06,2016,2016-04-06,06180,7.9962286949157715,43.01319885253906,2.902743339538574,8.070138888888888,65.04861111111111,6.704166666666667,0.002833,0.062451,0.330926,0.119146,1
2050-04-07,2023,2023-04-07,06180,5.4444098472595215,59.986602783203125,2.9594979286193848,4.284027777777777,120.90277777777777,4.020833333333333,0.044478,0.172644,0.092393,0.097302,1
2050-04-08,2020,2020-04-08,06180,5.449216365814209,209.31370544433594,2.108725070953369,8.472916666666666,205.6875,3.2638297872340423,0.115899,0.010277,0.100556,0.079609,1
2050-04-09,2016,2016-04-09,06180,6.411187171936035,113.88616943359375,5.355186462402344,5.867361111111111,126.60416666666667,2.7706293706293708,0.020845,0.036044,0.224994,0.086649,1
2050-04-10,2016,2016-04-10,06180,8.686753273010254,131.2298126220703,2.6561989784240723,6.265972222222222,157.15277777777777,2.4604166666666667,0.092789,0.073469,0.017043,0.064269,1
2050-04-11,2023,2023-04-11,06180,9.679193496704102,80.7273178100586,2.830922842025757,7.353472222222223,70.26388888888889,4.238194444444444,0.089145,0.029655,0.122507,0.081307,1
2050-04-12,2016,2016-04-12,06180,10.037206649780273,101.33621978759766,3.374563694000244,7.695138888888888,155.8125,3.818055555555555,0.089772,0.154393,0.038607,0.093809,1
2050-04-13,2016,2016-04-13,06180,8.588688850402832,96.3191146850586,4.302743434906006,7.499305555555556,108.00694444444444,3.310416666666667,0.041756,0.033125,0.086385,0.052555,1
2050-04-14,2018,2018-04-14,06180,8.539923667907715,173.4638671875,3.82179856300354,8.441666666666666,148.43055555555554,4.2131944444444445,0.003766,0.070948,0.034072,0.033012,1
2050-04-15,2024,2024-04-15,06180,8.903285026550293,224.09039306640625,4.778106689453125,7.025,200.53472222222223,4.9625,0.071995,0.06676,0.016052,0.053642,1
2050-04-16,2022,2022-04-16,06180,9.400127410888672,219.67893981933594,2.8028478622436523,6.533333333333333,246.66666666666666,2.4895833333333335,0.109885,0.076487,0.027271,0.075081,1
2050-04-17,2021,2021-04-17,06180,8.335711479187012,130.57763671875,3.6745638847351074,8.983333333333333,148.75694444444446,3.7922535211267605,0.024823,0.051523,0.010245,0.02846,1
2050-04-18,2020,2020-04-18,06180,7.542075157165527,216.91995239257812,2.902743339538574,7.593706293706294,214.08333333333334,3.5433566433566432,0.001979,0.008039,0.055767,0.019934,1
2050-04-19,2015,2015-04-19,06180,7.291026592254639,224.6370086669922,3.1749513149261475,8.310416666666667,241.8125,3.4874125874125874,0.039073,0.048678,0.027201,0.038393,1
2050-04-20,2017,2017-04-20,06180,9.605667114257812,169.74838256835938,5.386646270751953,6.375694444444445,157.24305555555554,6.069444444444445,0.123805,0.035442,0.05944,0.077987,1
2050-04-21,2020,2020-04-21,06180,11.546552658081055,136.21661376953125,2.68544864654541,9.715972222222222,256.7916666666667,2.90625,0.070166,0.341725,0.019221,0.136351,1
2050-04-22,2020,2020-04-22,06180,14.046030044555664,173.76202392578125,2.861983299255371,9.877083333333333,263.40277777777777,2.588888888888889,0.159796,0.254053,0.023774,0.147267,1
2050-04-23,2023,2023-04-23,06180,11.568648338317871,83.05677032470703,3.7140040397644043,10.117361111111112,105.52083333333333,3.4166666666666665,0.055628,0.063666,0.025884,0.049116,1
2050-04-24,2020,2020-04-24,06180,9.29984188079834,208.27740478515625,2.963322162628174,10.958333333333334,251.40277777777777,4.042361111111111,0.06357,0.122223,0.093934,0.090275,1
2050-04-25,2020,2020-04-25,06180,9.567822456359863,210.13853454589844,3.330922842025757,9.847222222222221,239.71527777777777,4.4326388888888895,0.010709,0.083824,0.095908,0.058203,1
2050-04-26,2020,2020-04-26,06180,12.56701374053955,179.345458984375,3.697272300720215,8.436805555555557,190.9375,2.8151079136690647,0.158311,0.032853,0.076795,0.096219,1
2050-04-27,2018,2018-04-27,06180,14.994423866271973,237.41818237304688,5.190025329589844,10.070138888888888,167.23611111111111,5.603472222222222,0.188748,0.198905,0.035992,0.145968,1
2050-04-28,2024,2024-04-28,06180,16.909805297851562,255.04359436035156,5.597891807556152,13.24861111111111,258.75,6.0680555555555555,0.140334,0.010504,0.040929,0.071564,1
2050-04-29,2024,2024-04-29,06180,18.02536392211914,242.2820587158203,4.117931842803955,11.715972222222222,265.88194444444446,3.9972222222222222,0.24184,0.066885,0.010508,0.119954,1
2050-04-30,2024,2024-04-30,06180,18.308330535888672,266.4632873535156,4.462828159332275,13.448611111111111,256.3541666666667,5.668055555555556,0.186274,0.028651,0.104919,0.11458,1
2050-05-01,2024,2024-05-01,06180,17.241239547729492,230.80392456054688,3.159102439880371,15.049999999999999,291.7083333333333,6.246527777777778,0.08399,0.172611,0.26877,0.166011,1
2050-05-02,2022,2022-05-02,06180,18.130290985107422,268.773193359375,2.5510425567626953,10.773611111111112,258.77777777777777,4.574999999999999,0.281982,0.028328,0.176192,0.174149,1
2050-05-03,2024,2024-05-03,06180,17.9032039642334,271.477783203125,2.7989141941070557,14.590972222222222,267.7638888888889,5.668749999999999,0.126958,0.010526,0.249828,0.128889,1
2050-05-04,2022,2022-05-04,06180,14.89838695526123,267.9882507324219,3.659102439880371,9.422916666666667,262.4583333333333,3.7319444444444443,0.209875,0.015673,0.006341,0.090554,1
2050-05-05,2018,2018-05-05,06180,13.898001670837402,274.93865966796875,2.335145950317383,10.93888888888889,300.40277777777777,2.124087591240876,0.113423,0.072169,0.018373,0.072532,1
2050-05-06,2022,2022-05-06,06180,12.334844589233398,195.1885528564453,4.05865478515625,12.29375,171.19444444444446,4.058333333333334,0.001575,0.068002,2.8e-05,0.021039,1
2050-05-07,2020,2020-05-07,06180,10.130997657775879,246.14524841308594,3.4591023921966553,11.647916666666667,287.71527777777777,4.5055555555555555,0.058144,0.117815,0.091097,0.085931,1
2050-05-08,2020,2020-05-08,06180,10.513378143310547,238.79002380371094,2.9943835735321045,12.008333333333333,239.72916666666666,4.260416666666667,0.057302,0.002662,0.110212,0.056783,1
2050-05-09,2019,2019-05-09,06180,8.754609107971191,146.2410125732422,3.7914247512817383,10.480555555555556,170.80555555555554,5.373611111111111,0.066156,0.069619,0.137734,0.088668,1
2050-05-10,2019,2019-05-10,06180,9.204248428344727,226.16445922851562,4.346384525299072,9.35763888888889,139.95833333333334,3.9479166666666665,0.005879,0.244319,0.034688,0.086054,1
2050-05-11,2019,2019-05-11,06180,9.280413627624512,247.52133178710938,2.2510478496551514,9.223611111111111,327.9861111111111,3.7847222222222223,0.002177,0.228048,0.133511,0.109339,1
2050-05-12,2018,2018-05-12,06180,10.065353393554688,235.06129455566406,2.3696837425231934,13.433333333333334,234.875,2.1887323943661974,0.129095,0.000528,0.015752,0.056522,1
2050-05-13,2017,2017-05-13,06180,10.694021224975586,252.4443817138672,1.6869531869888306,12.741666666666667,248.56944444444446,4.459722222222222,0.078487,0.010982,0.241378,0.107103,1
2050-05-14,2019,2019-05-14,06180,11.05744743347168,310.3081970214844,2.5315561294555664,10.010416666666666,292.05555555555554,2.4445255474452554,0.040133,0.05173,0.007576,0.033845,1
2050-05-15,2017,2017-05-15,06180,10.919580459594727,205.58004760742188,4.0501389503479,12.614583333333334,173.42361111111111,2.674125874125874,0.06497,0.091135,0.119786,0.089264,1
2050-05-16,2021,2021-05-16,06180,10.858067512512207,241.13290405273438,3.4591023921966553,10.838888888888889,207.76388888888889,3.566666666666667,0.000735,0.094572,0.009364,0.031475,1
2050-05-17,2021,2021-05-17,06180,10.676925659179688,259.8621826171875,4.272396564483643,11.602083333333333,266.5138888888889,3.734722222222222,0.035461,0.018852,0.046806,0.033882,1
2050-05-18,2022,2022-05-18,06180,10.762064933776855,287.9486999511719,4.902743339538574,12.28125,274.59027777777777,5.999305555555555,0.058231,0.037859,0.095459,0.063288,1
2050-05-19,2015,2015-05-19,06180,11.35079574584961,324.89752197265625,5.509791374206543,10.883333333333333,234.33333333333334,5.808333333333334,0.017918,0.256671,0.025989,0.091965,1
2050-05-20,2015,2015-05-20,06180,12.92474365234375,314.8951416015625,4.197166919708252,10.640972222222222,283.43055555555554,4.555555555555555,0.087537,0.089175,0.031199,0.071127,1
2050-05-21,2020,2020-05-21,06180,12.375466346740723,321.3861389160156,2.377455949783325,12.131944444444445,287.8333333333333,3.7055555555555557,0.009334,0.095093,0.115615,0.066946,1
2050-05-22,2018,2018-05-22,06180,12.513517379760742,330.7973327636719,3.1002261638641357,15.25486111111111,315.8611111111111,2.3694444444444445,0.105076,0.042331,0.063617,0.073815,1
2050-05-23,2017,2017-05-23,06180,13.045280456542969,322.24395751953125,2.083961009979248,14.976388888888888,278.3611111111111,2.7944444444444443,0.07402,0.12437,0.06185,0.085474,1
2050-05-24,2023,2023-05-24,06180,12.281944274902344,137.3207244873047,2.2795767784118652,14.17013888888889,193.43055555555554,2.2319444444444443,0.072375,0.159023,0.004147,0.077901,1
2050-05-25,2020,2020-05-25,06180,13.005449295043945,201.02699279785156,3.330922842025757,13.302777777777777,244.11805555555554,3.473611111111111,0.011397,0.122126,0.012421,0.044923,1
2050-05-26,2016,2016-05-26,06180,12.309075355529785,159.20645141601562,1.8044793605804443,12.912500000000001,125.875,2.6375,0.023129,0.094466,0.072517,0.059347,1
2050-05-27,2021,2021-05-27,06180,12.96491813659668,156.31532287597656,2.167046070098877,11.477083333333333,118.96527777777777,2.838461538461538,0.057029,0.105855,0.058449,0.072103,1
2050-05-28,2015,2015-05-28,06180,11.970288276672363,137.71197509765625,4.789257526397705,11.315972222222221,160.75694444444446,5.764583333333333,0.02508,0.065312,0.084905,0.055097,1
2050-05-29,2022,2022-05-29,06180,13.158808708190918,220.88214111328125,3.0869460105895996,13.243055555555555,152.60416666666666,2.8944444444444444,0.003229,0.193509,0.016758,0.064372,1
2050-05-30,2022,2022-05-30,06180,14.05817985534668,130.84881591796875,2.9591023921966553,11.961805555555555,126.625,3.0104166666666665,0.080354,0.011971,0.004467,0.037073,1
2050-05-31,2016,2016-05-31,06180,16.625286102294922,183.6812286376953,3.358506917953491,19.145833333333332,183.17361111111111,4.4743055555555555,0.096613,0.001439,0.097134,0.068217,1
